{"cameraMode":{"drawMode":0,"name":"Shaded","section":"Shading Mode"},"sceneLighting":false,"audioPlay":false,"sceneViewState":{"showFog":true,"showMaterialUpdate":true,"showSkybox":false,"showFlares":true,"showImageEffects":true,"showParticleSystems":true},"in2DMode":false,"pivot":{"x":0.010162711143493653,"y":4.510000228881836,"z":0.09998360276222229},"rotation":{"x":-0.009303242899477482,"y":0.03627203032374382,"z":-0.00033783333492465317,"w":-0.9992972612380981},"size":2.9612843990325929,"orthographic":false}