{"cameraMode":{"drawMode":0,"name":"Shaded","section":"Shading Mode"},"sceneLighting":true,"audioPlay":false,"sceneViewState":{"showFog":true,"showMaterialUpdate":true,"showSkybox":true,"showFlares":true,"showImageEffects":true,"showParticleSystems":true},"in2DMode":false,"pivot":{"x":785.0543212890625,"y":204.17013549804688,"z":0.0},"rotation":{"x":0.013808668591082096,"y":-0.008688639849424363,"z":0.00012015098764095455,"w":0.9998654127120972},"size":87.15606689453125,"orthographic":false}