{"cameraMode":{"drawMode":0,"name":"Shaded","section":"Shading Mode"},"sceneLighting":true,"audioPlay":false,"sceneViewState":{"showFog":true,"showMaterialUpdate":true,"showSkybox":true,"showFlares":true,"showImageEffects":true,"showParticleSystems":true},"in2DMode":false,"pivot":{"x":348.8031311035156,"y":208.55201721191407,"z":0.0},"rotation":{"x":-0.01830543950200081,"y":-0.018898431211709977,"z":0.000346059154253453,"w":-0.9996530413627625},"size":122.91018676757813,"orthographic":false}