{"cameraMode":{"drawMode":0,"name":"Shaded","section":"Shading Mode"},"sceneLighting":true,"audioPlay":false,"sceneViewState":{"showFog":true,"showMaterialUpdate":true,"showSkybox":true,"showFlares":true,"showImageEffects":true,"showParticleSystems":true},"in2DMode":false,"pivot":{"x":425.021728515625,"y":272.9360046386719,"z":13.9520263671875},"rotation":{"x":-0.004807778634130955,"y":-0.026714859530329706,"z":0.00012834463268518448,"w":-0.9996300935745239},"size":245.49627685546876,"orthographic":false}