{"cameraMode":{"drawMode":0,"name":"Shaded","section":"Shading Mode"},"sceneLighting":false,"audioPlay":false,"sceneViewState":{"showFog":true,"showMaterialUpdate":true,"showSkybox":false,"showFlares":true,"showImageEffects":true,"showParticleSystems":true},"in2DMode":false,"pivot":{"x":-11.437962532043457,"y":-0.5332536697387695,"z":3.2792320251464845},"rotation":{"x":-0.02444135770201683,"y":0.9549465179443359,"z":-0.08214543014764786,"w":-0.284135639667511},"size":10.0,"orthographic":false}