{"cameraMode":{"drawMode":0,"name":"Shaded","section":"Shading Mode"},"sceneLighting":true,"audioPlay":false,"sceneViewState":{"showFog":true,"showMaterialUpdate":true,"showSkybox":true,"showFlares":true,"showImageEffects":true,"showParticleSystems":true},"in2DMode":false,"pivot":{"x":4.699275016784668,"y":6.021588325500488,"z":7.483367919921875},"rotation":{"x":0.0008387967245653272,"y":-0.9990735650062561,"z":0.0362919457256794,"w":0.023089174181222917},"size":5.33882999420166,"orthographic":false}